{
  "train_loss": [
    6.108917875345363,
    5.1968731159387636,
    4.237432689167733,
    3.842034705849581,
    3.7247481041176376,
    3.6477411742820296,
    3.5749952502028886,
    3.52250052538029,
    3.483002370873163,
    3.4461061989152153,
    3.4116466218648953,
    3.386994923963103,
    3.3472098846768223,
    3.318571064361306,
    3.292970888143362,
    3.2780333715815875,
    3.252994476362716,
    3.2300290139608605,
    3.2117662734763566,
    3.189227539439534,
    3.161563552396242,
    3.1407144208287083,
    3.123265809791033,
    3.0957647582819297,
    3.069065737169842,
    3.0796591452387876,
    3.0530242351598518,
    3.0497360756230907,
    3.007699290680331,
    3.0319073214087378,
    3.0041713173999343
  ],
  "val_loss": [
    5.585903899614201,
    4.830224780149238,
    3.914692429609077,
    3.731439185696979,
    3.65621878934461,
    3.596092612244362,
    3.5576088373051133,
    3.536694510038509,
    3.514437348343605,
    3.4997525048810383,
    3.4808237718981365,
    3.4847234792487565,
    3.472808549570483,
    3.4633958506029705,
    3.4704870013303535,
    3.4609345225400703,
    3.461876946826314,
    3.4625852717909704,
    3.4683959761331247,
    3.4634071671685507,
    3.4598456038985144,
    3.4651546367379122,
    3.4698493148005287,
    3.4682833815729897,
    3.475757687590843,
    3.476714627687321,
    3.4789046076841132,
    3.486616567123768,
    3.4901178104932917,
    3.491838571637176,
    3.4919181868087414
  ],
  "train_acc": [
    0.05850912928520364,
    0.12090298030404473,
    0.359002000991039,
    0.45143341314601937,
    0.4703009808260424,
    0.4790047244571035,
    0.4873718174218611,
    0.494089700380907,
    0.49909406927438543,
    0.503205746513396,
    0.508062594328382,
    0.5101543675695713,
    0.5161119495856171,
    0.519039675604931,
    0.5225915292640211,
    0.5251712568417628,
    0.5285112853625047,
    0.5309926655545847,
    0.5334513501961273,
    0.5370069864469738,
    0.5414704447193128,
    0.5450941676217711,
    0.5460209026020448,
    0.5499396676614883,
    0.5556400334381111,
    0.5544182563008522,
    0.5586320635172808,
    0.5576939807617384,
    0.5660119000336651,
    0.5621536564423212,
    0.5672979812307797
  ],
  "val_acc": [
    0.07515777395295467,
    0.20261497116284688,
    0.43473140683032885,
    0.4613944499803726,
    0.4728689192861672,
    0.4813841833499411,
    0.4850982878883957,
    0.49131865809101066,
    0.4915300298940121,
    0.49675393302533444,
    0.4976900081529124,
    0.5014343086632244,
    0.5010417610290787,
    0.5023099918470876,
    0.5049370413986775,
    0.5045444937645318,
    0.5047558655675333,
    0.5046048857082465,
    0.5071715433161216,
    0.507715070809554,
    0.5090436935712775,
    0.508651145937132,
    0.5093154573179938,
    0.5096174170365674,
    0.5082887942748437,
    0.5081680103874143,
    0.5099193767551409,
    0.5103723163330012,
    0.509677808980282,
    0.5080170305281275,
    0.5089833016275629
  ],
  "lr": [
    0.00039532498088078703,
    0.001116016805332862,
    0.002006485941705938,
    0.002726220726184948,
    0.0029999999691100393,
    0.002996324824157061,
    0.002985359764302232,
    0.0029671582102149606,
    0.0029418088380371464,
    0.00290943514736193,
    0.002870194859556088,
    0.0028242791493573918,
    0.002771911713490498,
    0.0027133476808389938,
    0.002648872369483121,
    0.00257879989665877,
    0.002503471648409881,
    0.002423254616389953,
    0.0023385396099156,
    0.0022497393519828415,
    0.002157286468522156,
    0.0020616313806884317,
    0.0019632401104543794,
    0.0018625920101983235,
    0.0017601774273475995,
    0.0016564953154551785,
    0.0015520508033481108,
    0.0014473527341906567,
    0.0013429111864515374,
    0.001239234988852911,
    0.0011368292414079835
  ]
}